{"errors":[],"warnings":[],"namedChunkGroups":{"app":{"chunks":[19,4],"assets":["webpack-runtime-fcf92dd8a10dd3ee6d47.js","webpack-runtime-fcf92dd8a10dd3ee6d47.js.map","app-20d4da8e3981306e27ff.js","app-20d4da8e3981306e27ff.js.map"],"children":{},"childAssets":{}},"component---src-templates-galerie-template-js":{"chunks":[2,20,0,17],"assets":["2-77ccdce5ba7c178d4915.js","2-77ccdce5ba7c178d4915.js.map","20-2ba129af1a236d44a06e.js","20-2ba129af1a236d44a06e.js.map","0.7456312a3205e881743c.css","0-3202f44fa0cfb086c581.js","0-3202f44fa0cfb086c581.js.map","component---src-templates-galerie-template-js.ba439d91c5fb096e977d.css","component---src-templates-galerie-template-js-d03f5b1254926340298e.js","component---src-templates-galerie-template-js-d03f5b1254926340298e.js.map"],"children":{},"childAssets":{}},"component---src-pages-404-js":{"chunks":[1,0,5],"assets":["1-b3d04071ac99b5154605.js","1-b3d04071ac99b5154605.js.map","0.7456312a3205e881743c.css","0-3202f44fa0cfb086c581.js","0-3202f44fa0cfb086c581.js.map","component---src-pages-404-js.b0149d4ac9460b6689ac.css","component---src-pages-404-js-ed095948160e2c999ce9.js","component---src-pages-404-js-ed095948160e2c999ce9.js.map"],"children":{},"childAssets":{}},"component---src-pages-about-css-modules-js":{"chunks":[2,6],"assets":["2-77ccdce5ba7c178d4915.js","2-77ccdce5ba7c178d4915.js.map","component---src-pages-about-css-modules-js-0b598d27c35400f841f1.js","component---src-pages-about-css-modules-js-0b598d27c35400f841f1.js.map"],"children":{},"childAssets":{}},"component---src-pages-chronik-js":{"chunks":[1,2,3,0,7],"assets":["1-b3d04071ac99b5154605.js","1-b3d04071ac99b5154605.js.map","2-77ccdce5ba7c178d4915.js","2-77ccdce5ba7c178d4915.js.map","3-3a2e830343297a65a933.js","3-3a2e830343297a65a933.js.map","0.7456312a3205e881743c.css","0-3202f44fa0cfb086c581.js","0-3202f44fa0cfb086c581.js.map","component---src-pages-chronik-js.1f0bcb9b1ef765b0c6ab.css","component---src-pages-chronik-js-52ff87ea03471f0d8547.js","component---src-pages-chronik-js-52ff87ea03471f0d8547.js.map"],"children":{},"childAssets":{}},"component---src-pages-datenschutz-js":{"chunks":[1,0,8],"assets":["1-b3d04071ac99b5154605.js","1-b3d04071ac99b5154605.js.map","0.7456312a3205e881743c.css","0-3202f44fa0cfb086c581.js","0-3202f44fa0cfb086c581.js.map","component---src-pages-datenschutz-js-ab6a5dafc9f0193b30d5.js","component---src-pages-datenschutz-js-ab6a5dafc9f0193b30d5.js.map"],"children":{},"childAssets":{}},"component---src-pages-dorffasnet-js":{"chunks":[1,0,9],"assets":["1-b3d04071ac99b5154605.js","1-b3d04071ac99b5154605.js.map","0.7456312a3205e881743c.css","0-3202f44fa0cfb086c581.js","0-3202f44fa0cfb086c581.js.map","component---src-pages-dorffasnet-js.3a8a792cd7f2a677d77b.css","component---src-pages-dorffasnet-js-e6e5a687562b44483b72.js","component---src-pages-dorffasnet-js-e6e5a687562b44483b72.js.map"],"children":{},"childAssets":{}},"component---src-pages-figuren-js":{"chunks":[1,0,10],"assets":["1-b3d04071ac99b5154605.js","1-b3d04071ac99b5154605.js.map","0.7456312a3205e881743c.css","0-3202f44fa0cfb086c581.js","0-3202f44fa0cfb086c581.js.map","component---src-pages-figuren-js.3a8a792cd7f2a677d77b.css","component---src-pages-figuren-js-f8ccbb6d39017fef2547.js","component---src-pages-figuren-js-f8ccbb6d39017fef2547.js.map"],"children":{},"childAssets":{}},"component---src-pages-galerie-js":{"chunks":[1,0,11],"assets":["1-b3d04071ac99b5154605.js","1-b3d04071ac99b5154605.js.map","0.7456312a3205e881743c.css","0-3202f44fa0cfb086c581.js","0-3202f44fa0cfb086c581.js.map","component---src-pages-galerie-js.f8739392f9c47bf9970b.css","component---src-pages-galerie-js-bb656e4523e9ace1659f.js","component---src-pages-galerie-js-bb656e4523e9ace1659f.js.map"],"children":{},"childAssets":{}},"component---src-pages-impressum-js":{"chunks":[1,2,3,0,12],"assets":["1-b3d04071ac99b5154605.js","1-b3d04071ac99b5154605.js.map","2-77ccdce5ba7c178d4915.js","2-77ccdce5ba7c178d4915.js.map","3-3a2e830343297a65a933.js","3-3a2e830343297a65a933.js.map","0.7456312a3205e881743c.css","0-3202f44fa0cfb086c581.js","0-3202f44fa0cfb086c581.js.map","component---src-pages-impressum-js.bd8f64603fe5df86b63b.css","component---src-pages-impressum-js-3e30aa3d6c8b18535f41.js","component---src-pages-impressum-js-3e30aa3d6c8b18535f41.js.map"],"children":{},"childAssets":{}},"component---src-pages-index-js":{"chunks":[1,0,13],"assets":["1-b3d04071ac99b5154605.js","1-b3d04071ac99b5154605.js.map","0.7456312a3205e881743c.css","0-3202f44fa0cfb086c581.js","0-3202f44fa0cfb086c581.js.map","component---src-pages-index-js.39ca1604e88ea2bcd340.css","component---src-pages-index-js-5bab47b11376151cdcc5.js","component---src-pages-index-js-5bab47b11376151cdcc5.js.map"],"children":{},"childAssets":{}},"component---src-pages-kontakt-js":{"chunks":[1,0,14],"assets":["1-b3d04071ac99b5154605.js","1-b3d04071ac99b5154605.js.map","0.7456312a3205e881743c.css","0-3202f44fa0cfb086c581.js","0-3202f44fa0cfb086c581.js.map","component---src-pages-kontakt-js.1fd74448ce8004dd3fef.css","component---src-pages-kontakt-js-cf6d5925fb8e165bdc9b.js","component---src-pages-kontakt-js-cf6d5925fb8e165bdc9b.js.map"],"children":{},"childAssets":{}},"component---src-pages-termine-js":{"chunks":[1,0,15],"assets":["1-b3d04071ac99b5154605.js","1-b3d04071ac99b5154605.js.map","0.7456312a3205e881743c.css","0-3202f44fa0cfb086c581.js","0-3202f44fa0cfb086c581.js.map","component---src-pages-termine-js.6c4e3ded757e13e9b6de.css","component---src-pages-termine-js-4da463485aa8e9863f05.js","component---src-pages-termine-js-4da463485aa8e9863f05.js.map"],"children":{},"childAssets":{}},"component---src-pages-vorstand-js":{"chunks":[1,0,16],"assets":["1-b3d04071ac99b5154605.js","1-b3d04071ac99b5154605.js.map","0.7456312a3205e881743c.css","0-3202f44fa0cfb086c581.js","0-3202f44fa0cfb086c581.js.map","component---src-pages-vorstand-js.155a4eecffc37e997902.css","component---src-pages-vorstand-js-64497406442ee191e494.js","component---src-pages-vorstand-js-64497406442ee191e494.js.map"],"children":{},"childAssets":{}},"pages-manifest":{"chunks":[18],"assets":["pages-manifest-f30cf2c0fb7110fe7c4c.js","pages-manifest-f30cf2c0fb7110fe7c4c.js.map"],"children":{},"childAssets":{}}},"assetsByChunkName":{"app":["webpack-runtime-fcf92dd8a10dd3ee6d47.js","app-20d4da8e3981306e27ff.js"],"component---src-templates-galerie-template-js":["2-77ccdce5ba7c178d4915.js","20-2ba129af1a236d44a06e.js","0.7456312a3205e881743c.css","0-3202f44fa0cfb086c581.js","component---src-templates-galerie-template-js.ba439d91c5fb096e977d.css","component---src-templates-galerie-template-js-d03f5b1254926340298e.js"],"component---src-pages-404-js":["1-b3d04071ac99b5154605.js","0.7456312a3205e881743c.css","0-3202f44fa0cfb086c581.js","component---src-pages-404-js.b0149d4ac9460b6689ac.css","component---src-pages-404-js-ed095948160e2c999ce9.js"],"component---src-pages-about-css-modules-js":["2-77ccdce5ba7c178d4915.js","component---src-pages-about-css-modules-js-0b598d27c35400f841f1.js"],"component---src-pages-chronik-js":["1-b3d04071ac99b5154605.js","2-77ccdce5ba7c178d4915.js","3-3a2e830343297a65a933.js","0.7456312a3205e881743c.css","0-3202f44fa0cfb086c581.js","component---src-pages-chronik-js.1f0bcb9b1ef765b0c6ab.css","component---src-pages-chronik-js-52ff87ea03471f0d8547.js"],"component---src-pages-datenschutz-js":["1-b3d04071ac99b5154605.js","0.7456312a3205e881743c.css","0-3202f44fa0cfb086c581.js","component---src-pages-datenschutz-js-ab6a5dafc9f0193b30d5.js"],"component---src-pages-dorffasnet-js":["1-b3d04071ac99b5154605.js","0.7456312a3205e881743c.css","0-3202f44fa0cfb086c581.js","component---src-pages-dorffasnet-js.3a8a792cd7f2a677d77b.css","component---src-pages-dorffasnet-js-e6e5a687562b44483b72.js"],"component---src-pages-figuren-js":["1-b3d04071ac99b5154605.js","0.7456312a3205e881743c.css","0-3202f44fa0cfb086c581.js","component---src-pages-figuren-js.3a8a792cd7f2a677d77b.css","component---src-pages-figuren-js-f8ccbb6d39017fef2547.js"],